<?xml version="1.0" encoding="utf-8" ?> 
<hibernate-mapping xmlns="urn:nhibernate-mapping-2.2" default-lazy="false">
	<class 
		name="NHibernate.DomainModel.NHSpecific.BasicObject, NHibernate.DomainModel"
		table="bc_obj"
	>
		<id name="Id">
			<generator class="native" />
		</id>
		
		<property name="Name" />
		<property name="Any" type="Object" >
			<column name="the_type" />
			<column name="id_ser" />
		</property>
		
		<property name="AnyWithProxy" type="Object" >
			<column name="the_ptype" />
			<column name="id_pser" />
		</property>
		
	</class>
	
	<class 
		name="NHibernate.DomainModel.NHSpecific.BasicObjectRef, NHibernate.DomainModel"
		table="bc_ref"
	>
		<id name="Id">
			<generator class="native" />
		</id>
		
		<property name="Name" />
		
	</class>
	<class 
		name="NHibernate.DomainModel.NHSpecific.BasicObjectProxy, NHibernate.DomainModel"
		proxy="NHibernate.DomainModel.NHSpecific.IBasicObjectProxy, NHibernate.DomainModel"
		table="bc_ref_p"
		
	>
		<id name="Id">
			<generator class="native" />
		</id>
		
		<property name="Name" />
		
	</class>
	
</hibernate-mapping>