<?xml version="1.0" ?>
<hibernate-mapping xmlns="urn:nhibernate-mapping-2.2" default-lazy="false">
	<class name="NHibernate.DomainModel.Fumm, NHibernate.DomainModel">
		<composite-id name="Id">
			<key-property name="String">
				<column name="string_" length="10" />
			</key-property>
			<key-property name="Short" column="short_" />
			<key-property name="Date" column="date_" type="DateTime" />
		</composite-id>
		
		<property name="Locale" />
		<one-to-one name="Fum" cascade="all" constrained="true" />
	</class>
</hibernate-mapping>