<?xml version="1.0"?>

<hibernate-mapping xmlns="urn:nhibernate-mapping-2.2" default-lazy="false">

	<class 
		name="NHibernate.DomainModel.Z, NHibernate.DomainModel"
	>
		<id name="Id" unsaved-value="0">
			<generator class="hilo"/>
		</id>
		<many-to-one 
			name="W" 
			class="NHibernate.DomainModel.W, NHibernate.DomainModel" 
			cascade="save-update"
			insert="true" 
			update="false" 
			not-null="true"
		/>
	</class>

	<class 
		name="NHibernate.DomainModel.W, NHibernate.DomainModel" 
		proxy="NHibernate.DomainModel.W, NHibernate.DomainModel"
		discriminator-value="0" 
	>
		<id name="Id" unsaved-value="0">
			<generator class="hilo"/>
		</id>
		<!--
			This was commented out in the H2.0.3 test...
			<set name="zeds" lazy="true">
				<key column="w"/>
				<one-to-many class="net.sf.hibernate.test.Z"/>
			</set>
		-->
	</class>
	
</hibernate-mapping>