﻿<?xml version="1.0" encoding="utf-8" ?>
<hibernate-mapping xmlns="urn:nhibernate-mapping-2.2" 
									 namespace="NHibernate.DomainModel.Northwind.Entities" assembly="NHibernate.DomainModel">

	<class name="ProductCategory" table="Categories">
    
		<id name="CategoryId" column="CategoryId" type="int" unsaved-value="-1" 
				access="field.camelcase-underscore">
			<generator class="assigned" />
		</id>

		<property name="Name" column="CategoryName" type="string" length="15"
						  not-null="true" access="field.camelcase-underscore"/>

		<property name="Description" column="Description" type="string"
							access="field.camelcase-underscore"/>

		<set name="Products" lazy="true" access="field.camelcase-underscore"
				 cascade="save-update">
			<key column="CategoryId"/>
			<one-to-many class="Product"/>
		</set>
		
	</class>
	
</hibernate-mapping>