﻿<?xml version="1.0" encoding="utf-8" ?>
<hibernate-mapping xmlns="urn:nhibernate-mapping-2.2" 
									 namespace="NHibernate.DomainModel.Northwind.Entities" assembly="NHibernate.DomainModel">

	<class name="Shipper" table="Shippers">
		<id name="ShipperId" column="ShipperId" type="int" unsaved-value="-1" 
				access="field.camelcase-underscore">
			<generator class="assigned" />
		</id>

		<property name="CompanyName" column="CompanyName" type="string" length="40"
						  not-null="true" access="field.camelcase-underscore"/>

		<property name="PhoneNumber" column="Phone" type="string" length="24"
							access="field.camelcase-underscore"/>

		<property name="Reference" column="Reference" type="guid" access="field.camelcase-underscore"/>
		
		<bag name="Orders" lazy="true" access="field.camelcase-underscore"
				 cascade="none">
			<key column="ShipVia"/>
			<one-to-many class="Order"/>
		</bag>

	</class>
	
</hibernate-mapping>